<?xml version="1.0" encoding="UTF-8"?>
<project-private xmlns="http://www.netbeans.org/ns/project-private/1">
    <editor-bookmarks xmlns="http://www.netbeans.org/ns/editor-bookmarks/2" lastBookmarkId="0"/>
    <open-files xmlns="http://www.netbeans.org/ns/projectui-open-files/2">
        <group>
            <file>file:/C:/Users/Acer%20Aspire%20E15%20Star/Documents/NetBeansProjects/Centro_médico/src/centro_médico/MEDICOS1.java</file>
            <file>file:/C:/Users/Acer%20Aspire%20E15%20Star/Documents/NetBeansProjects/Centro_médico/src/centro_médico/REGISTRAR.java</file>
            <file>file:/C:/Users/Acer%20Aspire%20E15%20Star/Documents/NetBeansProjects/Centro_médico/src/centro_médico/PACIENTE.java</file>
            <file>file:/C:/Users/Acer%20Aspire%20E15%20Star/Documents/NetBeansProjects/Centro_médico/src/centro_médico/INFORMES.java</file>
            <file>file:/C:/Users/Acer%20Aspire%20E15%20Star/Documents/NetBeansProjects/Centro_médico/src/centro_médico/ventana_inicio.java</file>
            <file>file:/C:/Users/Acer%20Aspire%20E15%20Star/Documents/NetBeansProjects/Centro_médico/src/centro_médico/FECHAS_DIS.java</file>
            <file>file:/C:/Users/Acer%20Aspire%20E15%20Star/Documents/NetBeansProjects/Centro_médico/src/centro_médico/ingresar.java</file>
            <file>file:/C:/Users/Acer%20Aspire%20E15%20Star/Documents/NetBeansProjects/Centro_médico/src/centro_médico/AGENDAR.java</file>
        </group>
    </open-files>
</project-private>
